{
  "configVersion": 1,
  "timestamp": 1596743656855,
  "index": "/coviddashboard/index.html",
  "assetGroups": [
    {
      "name": "app",
      "installMode": "prefetch",
      "updateMode": "prefetch",
      "urls": [
        "/coviddashboard/canvg-es2015.cca86741a519411c54df.js",
        "/coviddashboard/canvg-es5.cca86741a519411c54df.js",
        "/coviddashboard/index.html",
        "/coviddashboard/main-es2015.55b909221602b0398530.js",
        "/coviddashboard/main-es5.55b909221602b0398530.js",
        "/coviddashboard/manifest.webmanifest",
        "/coviddashboard/pdfmake-es2015.77b4669b4720205fecfa.js",
        "/coviddashboard/pdfmake-es5.77b4669b4720205fecfa.js",
        "/coviddashboard/polyfills-es2015.df298c6178f253d8b1f6.js",
        "/coviddashboard/polyfills-es5.3b086f6b57ed956ec1ac.js",
        "/coviddashboard/runtime-es2015.c6693431f89fc3f624ae.js",
        "/coviddashboard/runtime-es5.c6693431f89fc3f624ae.js",
        "/coviddashboard/styles.802c87383e46a781db12.css",
        "/coviddashboard/xlsx-es2015.f6f869cbd0b7b4ea2c23.js",
        "/coviddashboard/xlsx-es5.f6f869cbd0b7b4ea2c23.js"
      ],
      "patterns": []
    },
    {
      "name": "assets",
      "installMode": "lazy",
      "updateMode": "prefetch",
      "urls": [
        "/coviddashboard/assets/flags/ad.svg",
        "/coviddashboard/assets/flags/ae.svg",
        "/coviddashboard/assets/flags/af.svg",
        "/coviddashboard/assets/flags/ag.svg",
        "/coviddashboard/assets/flags/ai.svg",
        "/coviddashboard/assets/flags/al.svg",
        "/coviddashboard/assets/flags/am.svg",
        "/coviddashboard/assets/flags/an.svg",
        "/coviddashboard/assets/flags/ao.svg",
        "/coviddashboard/assets/flags/aq.svg",
        "/coviddashboard/assets/flags/ar.svg",
        "/coviddashboard/assets/flags/as.svg",
        "/coviddashboard/assets/flags/at.svg",
        "/coviddashboard/assets/flags/au.svg",
        "/coviddashboard/assets/flags/aw.svg",
        "/coviddashboard/assets/flags/ax.svg",
        "/coviddashboard/assets/flags/az.svg",
        "/coviddashboard/assets/flags/ba.svg",
        "/coviddashboard/assets/flags/bb.svg",
        "/coviddashboard/assets/flags/bd.svg",
        "/coviddashboard/assets/flags/be.svg",
        "/coviddashboard/assets/flags/bf.svg",
        "/coviddashboard/assets/flags/bg.svg",
        "/coviddashboard/assets/flags/bh.svg",
        "/coviddashboard/assets/flags/bi.svg",
        "/coviddashboard/assets/flags/bj.svg",
        "/coviddashboard/assets/flags/bl.svg",
        "/coviddashboard/assets/flags/bm.svg",
        "/coviddashboard/assets/flags/bn.svg",
        "/coviddashboard/assets/flags/bo.svg",
        "/coviddashboard/assets/flags/bq.svg",
        "/coviddashboard/assets/flags/br.svg",
        "/coviddashboard/assets/flags/bs.svg",
        "/coviddashboard/assets/flags/bt.svg",
        "/coviddashboard/assets/flags/bv.svg",
        "/coviddashboard/assets/flags/bw.svg",
        "/coviddashboard/assets/flags/by.svg",
        "/coviddashboard/assets/flags/bz.svg",
        "/coviddashboard/assets/flags/ca.svg",
        "/coviddashboard/assets/flags/cc.svg",
        "/coviddashboard/assets/flags/cd.svg",
        "/coviddashboard/assets/flags/cf.svg",
        "/coviddashboard/assets/flags/cg.svg",
        "/coviddashboard/assets/flags/ch.svg",
        "/coviddashboard/assets/flags/ci.svg",
        "/coviddashboard/assets/flags/ck.svg",
        "/coviddashboard/assets/flags/cl.svg",
        "/coviddashboard/assets/flags/cm.svg",
        "/coviddashboard/assets/flags/cn.svg",
        "/coviddashboard/assets/flags/co.svg",
        "/coviddashboard/assets/flags/cr.svg",
        "/coviddashboard/assets/flags/cu.svg",
        "/coviddashboard/assets/flags/cv.svg",
        "/coviddashboard/assets/flags/cw.svg",
        "/coviddashboard/assets/flags/cx.svg",
        "/coviddashboard/assets/flags/cy.svg",
        "/coviddashboard/assets/flags/cz.svg",
        "/coviddashboard/assets/flags/de.svg",
        "/coviddashboard/assets/flags/dj.svg",
        "/coviddashboard/assets/flags/dk.svg",
        "/coviddashboard/assets/flags/dm.svg",
        "/coviddashboard/assets/flags/do.svg",
        "/coviddashboard/assets/flags/dz.svg",
        "/coviddashboard/assets/flags/ec.svg",
        "/coviddashboard/assets/flags/ee.svg",
        "/coviddashboard/assets/flags/eg.svg",
        "/coviddashboard/assets/flags/eh.svg",
        "/coviddashboard/assets/flags/er.svg",
        "/coviddashboard/assets/flags/es.svg",
        "/coviddashboard/assets/flags/et.svg",
        "/coviddashboard/assets/flags/eu.svg",
        "/coviddashboard/assets/flags/fi.svg",
        "/coviddashboard/assets/flags/fj.svg",
        "/coviddashboard/assets/flags/fk.svg",
        "/coviddashboard/assets/flags/fm.svg",
        "/coviddashboard/assets/flags/fo.svg",
        "/coviddashboard/assets/flags/fr.svg",
        "/coviddashboard/assets/flags/ga.svg",
        "/coviddashboard/assets/flags/gb-eng.svg",
        "/coviddashboard/assets/flags/gb-nir.svg",
        "/coviddashboard/assets/flags/gb-sct.svg",
        "/coviddashboard/assets/flags/gb-wls.svg",
        "/coviddashboard/assets/flags/gb.svg",
        "/coviddashboard/assets/flags/gd.svg",
        "/coviddashboard/assets/flags/ge.svg",
        "/coviddashboard/assets/flags/gf.svg",
        "/coviddashboard/assets/flags/gg.svg",
        "/coviddashboard/assets/flags/gh.svg",
        "/coviddashboard/assets/flags/gi.svg",
        "/coviddashboard/assets/flags/gl.svg",
        "/coviddashboard/assets/flags/gm.svg",
        "/coviddashboard/assets/flags/gn.svg",
        "/coviddashboard/assets/flags/gp.svg",
        "/coviddashboard/assets/flags/gq.svg",
        "/coviddashboard/assets/flags/gr.svg",
        "/coviddashboard/assets/flags/gs.svg",
        "/coviddashboard/assets/flags/gt.svg",
        "/coviddashboard/assets/flags/gu.svg",
        "/coviddashboard/assets/flags/gw.svg",
        "/coviddashboard/assets/flags/gy.svg",
        "/coviddashboard/assets/flags/hk.svg",
        "/coviddashboard/assets/flags/hm.svg",
        "/coviddashboard/assets/flags/hn.svg",
        "/coviddashboard/assets/flags/hr.svg",
        "/coviddashboard/assets/flags/ht.svg",
        "/coviddashboard/assets/flags/hu.svg",
        "/coviddashboard/assets/flags/id.svg",
        "/coviddashboard/assets/flags/ie.svg",
        "/coviddashboard/assets/flags/il.svg",
        "/coviddashboard/assets/flags/im.svg",
        "/coviddashboard/assets/flags/in.svg",
        "/coviddashboard/assets/flags/io.svg",
        "/coviddashboard/assets/flags/iq.svg",
        "/coviddashboard/assets/flags/ir.svg",
        "/coviddashboard/assets/flags/is.svg",
        "/coviddashboard/assets/flags/it.svg",
        "/coviddashboard/assets/flags/je.svg",
        "/coviddashboard/assets/flags/jm.svg",
        "/coviddashboard/assets/flags/jo.svg",
        "/coviddashboard/assets/flags/jp.svg",
        "/coviddashboard/assets/flags/ke.svg",
        "/coviddashboard/assets/flags/kg.svg",
        "/coviddashboard/assets/flags/kh.svg",
        "/coviddashboard/assets/flags/ki.svg",
        "/coviddashboard/assets/flags/km.svg",
        "/coviddashboard/assets/flags/kn.svg",
        "/coviddashboard/assets/flags/kp.svg",
        "/coviddashboard/assets/flags/kr.svg",
        "/coviddashboard/assets/flags/kw.svg",
        "/coviddashboard/assets/flags/ky.svg",
        "/coviddashboard/assets/flags/kz.svg",
        "/coviddashboard/assets/flags/la.svg",
        "/coviddashboard/assets/flags/lb.svg",
        "/coviddashboard/assets/flags/lc.svg",
        "/coviddashboard/assets/flags/li.svg",
        "/coviddashboard/assets/flags/lk.svg",
        "/coviddashboard/assets/flags/lr.svg",
        "/coviddashboard/assets/flags/ls.svg",
        "/coviddashboard/assets/flags/lt.svg",
        "/coviddashboard/assets/flags/lu.svg",
        "/coviddashboard/assets/flags/lv.svg",
        "/coviddashboard/assets/flags/ly.svg",
        "/coviddashboard/assets/flags/ma.svg",
        "/coviddashboard/assets/flags/mc.svg",
        "/coviddashboard/assets/flags/md.svg",
        "/coviddashboard/assets/flags/me.svg",
        "/coviddashboard/assets/flags/mf.svg",
        "/coviddashboard/assets/flags/mg.svg",
        "/coviddashboard/assets/flags/mh.svg",
        "/coviddashboard/assets/flags/mk.svg",
        "/coviddashboard/assets/flags/ml.svg",
        "/coviddashboard/assets/flags/mm.svg",
        "/coviddashboard/assets/flags/mn.svg",
        "/coviddashboard/assets/flags/mo.svg",
        "/coviddashboard/assets/flags/mp.svg",
        "/coviddashboard/assets/flags/mq.svg",
        "/coviddashboard/assets/flags/mr.svg",
        "/coviddashboard/assets/flags/ms.svg",
        "/coviddashboard/assets/flags/mt.svg",
        "/coviddashboard/assets/flags/mu.svg",
        "/coviddashboard/assets/flags/mv.svg",
        "/coviddashboard/assets/flags/mw.svg",
        "/coviddashboard/assets/flags/mx.svg",
        "/coviddashboard/assets/flags/my.svg",
        "/coviddashboard/assets/flags/mz.svg",
        "/coviddashboard/assets/flags/na.svg",
        "/coviddashboard/assets/flags/nc.svg",
        "/coviddashboard/assets/flags/ne.svg",
        "/coviddashboard/assets/flags/nf.svg",
        "/coviddashboard/assets/flags/ng.svg",
        "/coviddashboard/assets/flags/ni.svg",
        "/coviddashboard/assets/flags/nl.svg",
        "/coviddashboard/assets/flags/no.svg",
        "/coviddashboard/assets/flags/np.svg",
        "/coviddashboard/assets/flags/nr.svg",
        "/coviddashboard/assets/flags/nu.svg",
        "/coviddashboard/assets/flags/nz.svg",
        "/coviddashboard/assets/flags/om.svg",
        "/coviddashboard/assets/flags/pa.svg",
        "/coviddashboard/assets/flags/pe.svg",
        "/coviddashboard/assets/flags/pf.svg",
        "/coviddashboard/assets/flags/pg.svg",
        "/coviddashboard/assets/flags/ph.svg",
        "/coviddashboard/assets/flags/pk.svg",
        "/coviddashboard/assets/flags/pl.svg",
        "/coviddashboard/assets/flags/pm.svg",
        "/coviddashboard/assets/flags/pn.svg",
        "/coviddashboard/assets/flags/pr.svg",
        "/coviddashboard/assets/flags/ps.svg",
        "/coviddashboard/assets/flags/pt.svg",
        "/coviddashboard/assets/flags/pw.svg",
        "/coviddashboard/assets/flags/py.svg",
        "/coviddashboard/assets/flags/qa.svg",
        "/coviddashboard/assets/flags/re.svg",
        "/coviddashboard/assets/flags/ro.svg",
        "/coviddashboard/assets/flags/rs.svg",
        "/coviddashboard/assets/flags/ru.svg",
        "/coviddashboard/assets/flags/rw.svg",
        "/coviddashboard/assets/flags/sa.svg",
        "/coviddashboard/assets/flags/sb.svg",
        "/coviddashboard/assets/flags/sc.svg",
        "/coviddashboard/assets/flags/sd.svg",
        "/coviddashboard/assets/flags/se.svg",
        "/coviddashboard/assets/flags/sg.svg",
        "/coviddashboard/assets/flags/sh.svg",
        "/coviddashboard/assets/flags/si.svg",
        "/coviddashboard/assets/flags/sj.svg",
        "/coviddashboard/assets/flags/sk.svg",
        "/coviddashboard/assets/flags/sl.svg",
        "/coviddashboard/assets/flags/sm.svg",
        "/coviddashboard/assets/flags/sn.svg",
        "/coviddashboard/assets/flags/so.svg",
        "/coviddashboard/assets/flags/sr.svg",
        "/coviddashboard/assets/flags/ss.svg",
        "/coviddashboard/assets/flags/st.svg",
        "/coviddashboard/assets/flags/sv.svg",
        "/coviddashboard/assets/flags/sx.svg",
        "/coviddashboard/assets/flags/sy.svg",
        "/coviddashboard/assets/flags/sz.svg",
        "/coviddashboard/assets/flags/tc.svg",
        "/coviddashboard/assets/flags/td.svg",
        "/coviddashboard/assets/flags/tf.svg",
        "/coviddashboard/assets/flags/tg.svg",
        "/coviddashboard/assets/flags/th.svg",
        "/coviddashboard/assets/flags/tj.svg",
        "/coviddashboard/assets/flags/tk.svg",
        "/coviddashboard/assets/flags/tl.svg",
        "/coviddashboard/assets/flags/tm.svg",
        "/coviddashboard/assets/flags/tn.svg",
        "/coviddashboard/assets/flags/to.svg",
        "/coviddashboard/assets/flags/tr.svg",
        "/coviddashboard/assets/flags/tt.svg",
        "/coviddashboard/assets/flags/tv.svg",
        "/coviddashboard/assets/flags/tw.svg",
        "/coviddashboard/assets/flags/tz.svg",
        "/coviddashboard/assets/flags/ua.svg",
        "/coviddashboard/assets/flags/ug.svg",
        "/coviddashboard/assets/flags/um.svg",
        "/coviddashboard/assets/flags/unknown.svg",
        "/coviddashboard/assets/flags/us.svg",
        "/coviddashboard/assets/flags/uy.svg",
        "/coviddashboard/assets/flags/uz.svg",
        "/coviddashboard/assets/flags/va.svg",
        "/coviddashboard/assets/flags/vc.svg",
        "/coviddashboard/assets/flags/ve.svg",
        "/coviddashboard/assets/flags/vg.svg",
        "/coviddashboard/assets/flags/vi.svg",
        "/coviddashboard/assets/flags/vn.svg",
        "/coviddashboard/assets/flags/vu.svg",
        "/coviddashboard/assets/flags/wf.svg",
        "/coviddashboard/assets/flags/ws.svg",
        "/coviddashboard/assets/flags/xk.svg",
        "/coviddashboard/assets/flags/ye.svg",
        "/coviddashboard/assets/flags/yt.svg",
        "/coviddashboard/assets/flags/za.svg",
        "/coviddashboard/assets/flags/zm.svg",
        "/coviddashboard/assets/flags/zw.svg",
        "/coviddashboard/assets/fonts/fa-brands-400.eot",
        "/coviddashboard/assets/fonts/fa-brands-400.svg",
        "/coviddashboard/assets/fonts/fa-brands-400.ttf",
        "/coviddashboard/assets/fonts/fa-brands-400.woff",
        "/coviddashboard/assets/fonts/fa-brands-400.woff2",
        "/coviddashboard/assets/fonts/fa-regular-400.eot",
        "/coviddashboard/assets/fonts/fa-regular-400.svg",
        "/coviddashboard/assets/fonts/fa-regular-400.ttf",
        "/coviddashboard/assets/fonts/fa-regular-400.woff",
        "/coviddashboard/assets/fonts/fa-regular-400.woff2",
        "/coviddashboard/assets/fonts/fa-solid-900.eot",
        "/coviddashboard/assets/fonts/fa-solid-900.svg",
        "/coviddashboard/assets/fonts/fa-solid-900.ttf",
        "/coviddashboard/assets/fonts/fa-solid-900.woff",
        "/coviddashboard/assets/fonts/fa-solid-900.woff2",
        "/coviddashboard/assets/fonts/materialdesignicons-webfont.eot",
        "/coviddashboard/assets/fonts/materialdesignicons-webfont.svg",
        "/coviddashboard/assets/fonts/materialdesignicons-webfont.ttf",
        "/coviddashboard/assets/fonts/materialdesignicons-webfont.woff",
        "/coviddashboard/assets/fonts/materialdesignicons-webfont.woff2",
        "/coviddashboard/assets/fonts/summernote.eot",
        "/coviddashboard/assets/fonts/summernote.ttf",
        "/coviddashboard/assets/fonts/summernote.woff",
        "/coviddashboard/assets/i18n/de.json",
        "/coviddashboard/assets/i18n/en.json",
        "/coviddashboard/assets/i18n/es.json",
        "/coviddashboard/assets/i18n/fr.json",
        "/coviddashboard/assets/i18n/tr.json",
        "/coviddashboard/assets/icons/icon-128x128.png",
        "/coviddashboard/assets/icons/icon-144x144.png",
        "/coviddashboard/assets/icons/icon-152x152.png",
        "/coviddashboard/assets/icons/icon-192x192.png",
        "/coviddashboard/assets/icons/icon-384x384.png",
        "/coviddashboard/assets/icons/icon-512x512.png",
        "/coviddashboard/assets/icons/icon-72x72.png",
        "/coviddashboard/assets/icons/icon-96x96.png",
        "/coviddashboard/assets/images/404.png",
        "/coviddashboard/assets/images/Layer x0020 1.png",
        "/coviddashboard/assets/images/favicon.ico",
        "/coviddashboard/assets/images/logo-light.png",
        "/coviddashboard/assets/images/logo-sm.png",
        "/coviddashboard/assets/images/preview.png",
        "/coviddashboard/assets/images/step-1.png",
        "/coviddashboard/assets/images/step-2.png",
        "/coviddashboard/assets/images/step-3.png",
        "/coviddashboard/assets/images/step-4.png",
        "/coviddashboard/assets/images/step-5.png",
        "/coviddashboard/assets/screenshots/sc1.png",
        "/coviddashboard/assets/screenshots/sc2.png",
        "/coviddashboard/assets/screenshots/sc3.png",
        "/coviddashboard/assets/screenshots/sc4.png",
        "/coviddashboard/assets/scss/_variables.scss",
        "/coviddashboard/assets/scss/app.scss",
        "/coviddashboard/assets/scss/bootstrap.scss",
        "/coviddashboard/assets/scss/custom/components/_accordions.scss",
        "/coviddashboard/assets/scss/custom/components/_backgrounds.scss",
        "/coviddashboard/assets/scss/custom/components/_badge.scss",
        "/coviddashboard/assets/scss/custom/components/_breadcrumb.scss",
        "/coviddashboard/assets/scss/custom/components/_buttons.scss",
        "/coviddashboard/assets/scss/custom/components/_card.scss",
        "/coviddashboard/assets/scss/custom/components/_custom-checkbox.scss",
        "/coviddashboard/assets/scss/custom/components/_custom-radio.scss",
        "/coviddashboard/assets/scss/custom/components/_dropdown.scss",
        "/coviddashboard/assets/scss/custom/components/_forms.scss",
        "/coviddashboard/assets/scss/custom/components/_helper.scss",
        "/coviddashboard/assets/scss/custom/components/_modal.scss",
        "/coviddashboard/assets/scss/custom/components/_nav.scss",
        "/coviddashboard/assets/scss/custom/components/_popover.scss",
        "/coviddashboard/assets/scss/custom/components/_preloader.scss",
        "/coviddashboard/assets/scss/custom/components/_print.scss",
        "/coviddashboard/assets/scss/custom/components/_progress.scss",
        "/coviddashboard/assets/scss/custom/components/_reboot.scss",
        "/coviddashboard/assets/scss/custom/components/_ribbons.scss",
        "/coviddashboard/assets/scss/custom/components/_social.scss",
        "/coviddashboard/assets/scss/custom/components/_tables.scss",
        "/coviddashboard/assets/scss/custom/components/_type.scss",
        "/coviddashboard/assets/scss/custom/components/_widgets.scss",
        "/coviddashboard/assets/scss/custom/fonts/_fonts.scss",
        "/coviddashboard/assets/scss/custom/plugins/_icons.scss",
        "/coviddashboard/assets/scss/custom/plugins/_waves.scss",
        "/coviddashboard/assets/scss/custom/plugins/icons/_fontawesome-all.scss",
        "/coviddashboard/assets/scss/custom/plugins/icons/_materialdesignicons.scss",
        "/coviddashboard/assets/scss/custom/structure/_footer.scss",
        "/coviddashboard/assets/scss/custom/structure/_general.scss",
        "/coviddashboard/assets/scss/custom/structure/_horizontal-nav.scss",
        "/coviddashboard/assets/scss/custom/structure/_topbar.scss",
        "/coviddashboard/assets/scss/icons.scss",
        "/coviddashboard/fa-brands-400.4b115e1153a9ea339d6a.woff2",
        "/coviddashboard/fa-brands-400.650c3a83e51f01868115.svg",
        "/coviddashboard/fa-brands-400.b90365bccdabd68c6c03.woff",
        "/coviddashboard/fa-brands-400.c39278f7abfc798a2415.ttf",
        "/coviddashboard/fa-brands-400.d9d17590c975aad1be0d.eot",
        "/coviddashboard/fa-regular-400.1f65fad32ac9d1bc04ac.svg",
        "/coviddashboard/fa-regular-400.414ff5daad323a1c47c5.eot",
        "/coviddashboard/fa-regular-400.5dd3976cb5d61e2e561f.woff",
        "/coviddashboard/fa-regular-400.65779ebcc35604a25c2b.woff2",
        "/coviddashboard/fa-regular-400.f6c6f6c8cb7784254ad0.ttf",
        "/coviddashboard/fa-solid-900.462806316fea535a6a57.woff2",
        "/coviddashboard/fa-solid-900.61969d433bf265b9717a.woff",
        "/coviddashboard/fa-solid-900.b5596f4d339f99e3d69b.eot",
        "/coviddashboard/fa-solid-900.b70cea0339374107969e.ttf",
        "/coviddashboard/fa-solid-900.b9bd91a94665aa8013d6.svg",
        "/coviddashboard/materialdesignicons-webfont.02a3863dd9755dc4990d.svg",
        "/coviddashboard/materialdesignicons-webfont.1993c4a16cce5446a5cf.eot",
        "/coviddashboard/materialdesignicons-webfont.26333b3884782fdb5f8c.woff",
        "/coviddashboard/materialdesignicons-webfont.af3f6dbe172a9c1aba77.woff2",
        "/coviddashboard/materialdesignicons-webfont.baded94134f273450a47.ttf"
      ],
      "patterns": []
    }
  ],
  "dataGroups": [],
  "hashTable": {
    "/coviddashboard/assets/flags/ad.svg": "9e0182085f7870f2583ba486b9af51ddef45ff1f",
    "/coviddashboard/assets/flags/ae.svg": "097a4f389c1616aa491de2ebcb3dc82f5776310d",
    "/coviddashboard/assets/flags/af.svg": "0decebba253158b4c7e955eaa1c71766dc246de0",
    "/coviddashboard/assets/flags/ag.svg": "abe7d5fc4c5854f1118efdda9e73f1ce50df2e2e",
    "/coviddashboard/assets/flags/ai.svg": "08b90c1fef76b19a5148a49df1f48334bdd2b115",
    "/coviddashboard/assets/flags/al.svg": "cc482736db8c9260a1690bb3966245e2a638a549",
    "/coviddashboard/assets/flags/am.svg": "27645ec2018e7bb7ea01bf99580205c80a7953c3",
    "/coviddashboard/assets/flags/an.svg": "6c12c85c6461b3d1e520e8ca64c035cf4f0edc96",
    "/coviddashboard/assets/flags/ao.svg": "203feb842c1083bce44ab875c780009377632f0d",
    "/coviddashboard/assets/flags/aq.svg": "b053038d107fc8ed1e3f337331d8a24de54a26e5",
    "/coviddashboard/assets/flags/ar.svg": "ac6835fbdd3a751ca86b0e25586f20cf38e92d8a",
    "/coviddashboard/assets/flags/as.svg": "0b06a313979a364ebe7b01ed71f3f82dc5e68761",
    "/coviddashboard/assets/flags/at.svg": "6be1806daa6342025326080f6c0020ae53b8c7d2",
    "/coviddashboard/assets/flags/au.svg": "6075fa890dca03475b8bf624dcc6c9a1423fbbac",
    "/coviddashboard/assets/flags/aw.svg": "dae8eb5a33540ed589fc6306afa3dfff0a678ec5",
    "/coviddashboard/assets/flags/ax.svg": "2ade65ee71c89afd0b0246a14b105a29cca72621",
    "/coviddashboard/assets/flags/az.svg": "92837c16fd5a5e54135c6d8e47e02d6c19d15fd7",
    "/coviddashboard/assets/flags/ba.svg": "d015ac38f9c824b9342de4a8d1c2f7c6a835e880",
    "/coviddashboard/assets/flags/bb.svg": "6af52bbae0bdb7d857cec1691f953580521add99",
    "/coviddashboard/assets/flags/bd.svg": "33f8f52fcaabd441011abe98b150483b69cedefe",
    "/coviddashboard/assets/flags/be.svg": "1634d41af272f6f46ed5d85117ccf69d6dce7daa",
    "/coviddashboard/assets/flags/bf.svg": "780dd75142983b4bef16e1c3b504720ef2322f0c",
    "/coviddashboard/assets/flags/bg.svg": "4379295838f38766969f4ce313669957587937fe",
    "/coviddashboard/assets/flags/bh.svg": "4de6a4cdd7ca392c3666a4958d5be76d00d6e7ec",
    "/coviddashboard/assets/flags/bi.svg": "4cd42586911a99c79f2e893d19357ff7e84e7ffa",
    "/coviddashboard/assets/flags/bj.svg": "5028c447b247585586ac1eac4161a5d3aa33e344",
    "/coviddashboard/assets/flags/bl.svg": "0a27614794557246a8d5fadac6f3e38a67030ee0",
    "/coviddashboard/assets/flags/bm.svg": "dbdbbcb2755c653278c3027a0efee47d00404158",
    "/coviddashboard/assets/flags/bn.svg": "25209750e3893e1a61255523a70a4ba11d830798",
    "/coviddashboard/assets/flags/bo.svg": "a98b080e84af11ec6de28f9cbd868cf1cc5e7aba",
    "/coviddashboard/assets/flags/bq.svg": "1a5ada5ec0c4536648f750198f82c289683d0b61",
    "/coviddashboard/assets/flags/br.svg": "9745c1fa6656be47ed3f9bee75f8d1da80c89f07",
    "/coviddashboard/assets/flags/bs.svg": "60949639f37fdf57ea2ce1a50ee41f5b8fdf227e",
    "/coviddashboard/assets/flags/bt.svg": "67442d05230c4a0089151b10e2c665a3a1d7205f",
    "/coviddashboard/assets/flags/bv.svg": "2b772a740fc291126fa219376a62165ddd5534b3",
    "/coviddashboard/assets/flags/bw.svg": "05e9122cc6cd20dea9c56223b96d123a27ed36e8",
    "/coviddashboard/assets/flags/by.svg": "bb65896b3c197e7bd76e8db4a844145b3c8023b7",
    "/coviddashboard/assets/flags/bz.svg": "8bc7595b99e2b09af8d5afa6e4fdf41fb7625d8c",
    "/coviddashboard/assets/flags/ca.svg": "cd757f9d0ebcdfbf053a45c8f02030e400bb6240",
    "/coviddashboard/assets/flags/cc.svg": "dd0d164bc6515d95473491bbb3dbe81228c7d814",
    "/coviddashboard/assets/flags/cd.svg": "5bb1435e11588b318604267be2c475f0986f4be8",
    "/coviddashboard/assets/flags/cf.svg": "285149b6ec666624fc53958cc1e75d9435e489a4",
    "/coviddashboard/assets/flags/cg.svg": "a3561c20478b46f69dde111cfe853d09829bf707",
    "/coviddashboard/assets/flags/ch.svg": "0b0f6a80f601a000b5edb590b88f508fb6ee68e9",
    "/coviddashboard/assets/flags/ci.svg": "0aecbb4297663e6a14ed778224c46c2fc25a070f",
    "/coviddashboard/assets/flags/ck.svg": "e57cbfd155a922b89111686045792ffc9174a982",
    "/coviddashboard/assets/flags/cl.svg": "f96a0922f1e62b5c9b5cea62f511b08e081f064a",
    "/coviddashboard/assets/flags/cm.svg": "d8a0ea565c65d8ff8f3e73465a0feb230f6e227d",
    "/coviddashboard/assets/flags/cn.svg": "88808b11f870949cedc52d9877bf4c1c7cd55e10",
    "/coviddashboard/assets/flags/co.svg": "dde52b8386446aae55fee343d7449927317bf45b",
    "/coviddashboard/assets/flags/cr.svg": "9a5e4a173f2eec1b8f09abaf029aa85c35fea979",
    "/coviddashboard/assets/flags/cu.svg": "3906379c4cc25d420d7a6724a55703568a735c07",
    "/coviddashboard/assets/flags/cv.svg": "935c750b6ecf2c7c138ae3b0c0abfa837b70f73e",
    "/coviddashboard/assets/flags/cw.svg": "91896f1231cf591f1b954d5f3e15e0e45023dc94",
    "/coviddashboard/assets/flags/cx.svg": "6fc9f3f49fd20128f542c2e9640bc5dac9511e6f",
    "/coviddashboard/assets/flags/cy.svg": "014e846939f916160fc9284fcdc012cc5d2e1119",
    "/coviddashboard/assets/flags/cz.svg": "a9341d3818aa4bff1bee96d5ecca28e568e130a7",
    "/coviddashboard/assets/flags/de.svg": "aef2da467367b7b5b01a209655fc903979bf11c3",
    "/coviddashboard/assets/flags/dj.svg": "83fd3312682f40ca85e49827b8825cee346a723f",
    "/coviddashboard/assets/flags/dk.svg": "92074c79a1b5d2f462af2464727110b241d462c2",
    "/coviddashboard/assets/flags/dm.svg": "2e673964cb50b38a8ab61ed1ea14311c6c975c3c",
    "/coviddashboard/assets/flags/do.svg": "4ad5b5db9c28d39f67395a9904cbc341b87b1ec7",
    "/coviddashboard/assets/flags/dz.svg": "9fec91f77780619a98c7d06dc548e67d723d57f8",
    "/coviddashboard/assets/flags/ec.svg": "fc0028fbd1b5c16245cf30294bfd86b293b973cd",
    "/coviddashboard/assets/flags/ee.svg": "a56d66f4b58fac081211b2c9ffadfa148386c4c8",
    "/coviddashboard/assets/flags/eg.svg": "1f43c63e8e15f69d2a2bdf18fbee8fcc5c4ff0d9",
    "/coviddashboard/assets/flags/eh.svg": "3f385bc599cc3540d8356687930380e18c66f8d9",
    "/coviddashboard/assets/flags/er.svg": "3dbd6fde133ec86a658703f49e9ca985ec7e4ad0",
    "/coviddashboard/assets/flags/es.svg": "498e0b66e1bbf9cd0dacd8003dc03dfc0b90bb13",
    "/coviddashboard/assets/flags/et.svg": "7b0d0ea6bacd55ec6d475bd25c25058a6c86d877",
    "/coviddashboard/assets/flags/eu.svg": "ec468d825b1a9964228a0a3ed23640cadf504358",
    "/coviddashboard/assets/flags/fi.svg": "f5b9efc0b0211dc1af14b9a223dfae70a86b3734",
    "/coviddashboard/assets/flags/fj.svg": "8239c04e703864d8f86a2e644a24a6120c22f9ef",
    "/coviddashboard/assets/flags/fk.svg": "5a2edd14f7ab035881dc10a26ce6957f755c7f53",
    "/coviddashboard/assets/flags/fm.svg": "fa23eb80bc72f8b5a0594b763d9fafecbeed3df2",
    "/coviddashboard/assets/flags/fo.svg": "d94bab11d0d9d3aeb9b57a77aff99bab4ce67491",
    "/coviddashboard/assets/flags/fr.svg": "f1575556bee88c52a9ca3079772284e2feef094f",
    "/coviddashboard/assets/flags/ga.svg": "92ae28da3ba4b89fe3b99d3eaabd578d8385d620",
    "/coviddashboard/assets/flags/gb-eng.svg": "2ceb6c979bc4a3c8d0b0def992a799e21b76fd97",
    "/coviddashboard/assets/flags/gb-nir.svg": "43b01d8beabccc7044690f43c2e4148e81cb2aa1",
    "/coviddashboard/assets/flags/gb-sct.svg": "7536cc388dd7ca731fe63103a20cbe814ce306b5",
    "/coviddashboard/assets/flags/gb-wls.svg": "e3a4439123cdee093888c99ed9c4839511d0260e",
    "/coviddashboard/assets/flags/gb.svg": "43b01d8beabccc7044690f43c2e4148e81cb2aa1",
    "/coviddashboard/assets/flags/gd.svg": "8d0f4d1a10c82db0a428a23138a1ca2bb9d548c2",
    "/coviddashboard/assets/flags/ge.svg": "0fa62e55a8ee4785648d167ba37d3bb77313cf16",
    "/coviddashboard/assets/flags/gf.svg": "f1575556bee88c52a9ca3079772284e2feef094f",
    "/coviddashboard/assets/flags/gg.svg": "b0b5c7ffe65bac41b2e2ac3ddf48826f10fb3268",
    "/coviddashboard/assets/flags/gh.svg": "6c446b88c2bb8b3a121eee9cd74e5066c1db4616",
    "/coviddashboard/assets/flags/gi.svg": "56c5dc095dfd72764c0fb1289ce8aa25204078ea",
    "/coviddashboard/assets/flags/gl.svg": "5c11a2d4e5be6fcbcd1cbda82be13d57c480ee0e",
    "/coviddashboard/assets/flags/gm.svg": "bb97b0f19f9de838dbeafc40efc4825d595ec15c",
    "/coviddashboard/assets/flags/gn.svg": "d6559c3184b75991d7aee6bb5adebf6140134fc9",
    "/coviddashboard/assets/flags/gp.svg": "7477530a468e2b0763dd57f056d115d024614376",
    "/coviddashboard/assets/flags/gq.svg": "172e0098f0bea767962b16dc9afece389bdd32ef",
    "/coviddashboard/assets/flags/gr.svg": "fccdf15e3bc0da13219576ef032375c42f58fc62",
    "/coviddashboard/assets/flags/gs.svg": "7984ae290701ffd5932cd24b213bc37cf563121c",
    "/coviddashboard/assets/flags/gt.svg": "11642b47b206a65e675d9c6101081725a8c709ec",
    "/coviddashboard/assets/flags/gu.svg": "4785041b07e228134cc81915ca795fb5a0121804",
    "/coviddashboard/assets/flags/gw.svg": "b52dec21a158048fefefca6012a2c72c58808a0c",
    "/coviddashboard/assets/flags/gy.svg": "ccb6085cb1229914693be752419cf456bafef184",
    "/coviddashboard/assets/flags/hk.svg": "3f848d56f9c1b562595e6d30dcedf8908320bba3",
    "/coviddashboard/assets/flags/hm.svg": "6075fa890dca03475b8bf624dcc6c9a1423fbbac",
    "/coviddashboard/assets/flags/hn.svg": "bb4af88879910bffa249d7c64c662861e76f7c0b",
    "/coviddashboard/assets/flags/hr.svg": "0ab18a73447a436e3c62ce64f36b03a978c9aef0",
    "/coviddashboard/assets/flags/ht.svg": "45b8dec6b67e7ecdd95636da688c81986dba9f9b",
    "/coviddashboard/assets/flags/hu.svg": "e4136d36b3f5c679f16fee648decd3e299d5a6fe",
    "/coviddashboard/assets/flags/id.svg": "fab6623df82cf46d1873f9700ddd758cbf9fa5bd",
    "/coviddashboard/assets/flags/ie.svg": "d544457fab5acef91f367ff27f269f49e961213c",
    "/coviddashboard/assets/flags/il.svg": "f1540c34abe3677c4251179f68fb4f28743ce9ca",
    "/coviddashboard/assets/flags/im.svg": "d7d358487ccdbfb4ce4405ff7ebabedb9ab955cf",
    "/coviddashboard/assets/flags/in.svg": "72ee7bd955d407052c677550501bb84586a63bd6",
    "/coviddashboard/assets/flags/io.svg": "1bf8cd713b5d72164ecd6536af6c2f96c1951911",
    "/coviddashboard/assets/flags/iq.svg": "19bc3e85d677007e5dfd62ff5485615828c72821",
    "/coviddashboard/assets/flags/ir.svg": "404c1157e82fc3616d875c7440831bfea5bade51",
    "/coviddashboard/assets/flags/is.svg": "407c308e08edb28eb950fd349f5eb4de2a17cd15",
    "/coviddashboard/assets/flags/it.svg": "524f8069bbdbdb9c62aa0128fd2a4eaa17fd47dc",
    "/coviddashboard/assets/flags/je.svg": "56fbcf7339eebd5f87099ecf07672db2dd6bef07",
    "/coviddashboard/assets/flags/jm.svg": "0cd7184a604b2a9d96b0e2ff9df79097409bf4c6",
    "/coviddashboard/assets/flags/jo.svg": "121371868aec8f2e2109a13e3fe8eb2983bfd20a",
    "/coviddashboard/assets/flags/jp.svg": "54f8140efd9c8d5e50513a92cb1281f163622bbc",
    "/coviddashboard/assets/flags/ke.svg": "781cb756cc2d72dc552bac052cd23c2373ae8267",
    "/coviddashboard/assets/flags/kg.svg": "1315f41581ea397f9402085adccffa6c8f43b7ee",
    "/coviddashboard/assets/flags/kh.svg": "ae1a968c0c50ffb5613a465f18afc143f636f61a",
    "/coviddashboard/assets/flags/ki.svg": "a98ab195d7b5b9650a0edcb0e214f25a1e2e604d",
    "/coviddashboard/assets/flags/km.svg": "d12c298beb26277acafd8c56f179aff3657d488d",
    "/coviddashboard/assets/flags/kn.svg": "e58b635a53e48449ea7a327203e49dbaf8fbc4de",
    "/coviddashboard/assets/flags/kp.svg": "35ce8560f7f1488e7df4f4bdd5549fe5f8f6b592",
    "/coviddashboard/assets/flags/kr.svg": "86f86e47b2fba2406a641d7cad234e766df88cf3",
    "/coviddashboard/assets/flags/kw.svg": "1785234d8d412ddc3cfaff9554db7b658c72f9e0",
    "/coviddashboard/assets/flags/ky.svg": "1ee8597b703ae335833c2dbcaaca16d75457c188",
    "/coviddashboard/assets/flags/kz.svg": "979feff414fa8e3a257d2602d1a265c583060060",
    "/coviddashboard/assets/flags/la.svg": "b979e3c95bdb57913e9f9c1029678441e6512dfc",
    "/coviddashboard/assets/flags/lb.svg": "c63504aadb48227f87e936304e038ea5d1656f72",
    "/coviddashboard/assets/flags/lc.svg": "daf5cf34f5881dde2df5178fdff66a3ebeee8bd7",
    "/coviddashboard/assets/flags/li.svg": "53704cf203ea0550ae32ca1fe1846834d65e850f",
    "/coviddashboard/assets/flags/lk.svg": "9b8cf4c2862cd00eff52e3d9ff68cc7d207cc4ce",
    "/coviddashboard/assets/flags/lr.svg": "12c4e96e71b27909281ca172b1e98efa8748348a",
    "/coviddashboard/assets/flags/ls.svg": "ed2a281079b6909edddcdfa00de4c7433974bf39",
    "/coviddashboard/assets/flags/lt.svg": "b72dd1e3977917ad23ede12b10a47a84af6b6ea6",
    "/coviddashboard/assets/flags/lu.svg": "b1beffb38e0bfb0b2e4bf5af5faeb4ea4fc3bd8d",
    "/coviddashboard/assets/flags/lv.svg": "4dd81c41beab3af1e515ded75e010195dc5f9870",
    "/coviddashboard/assets/flags/ly.svg": "c0a542590efa3a50ad959941b337695ba9bf533e",
    "/coviddashboard/assets/flags/ma.svg": "9cce8a40c70f668dff80b0407d990b46ebd5e529",
    "/coviddashboard/assets/flags/mc.svg": "97e67b0834f06f7891d107328e52ef848f313399",
    "/coviddashboard/assets/flags/md.svg": "ef260cbca50436461e7e504ed047164dba033f97",
    "/coviddashboard/assets/flags/me.svg": "da3f35a641f94631351ad43ac390f6198388fa62",
    "/coviddashboard/assets/flags/mf.svg": "7477530a468e2b0763dd57f056d115d024614376",
    "/coviddashboard/assets/flags/mg.svg": "4e61207a4a33dbbc953809279bbd912be1b95d2e",
    "/coviddashboard/assets/flags/mh.svg": "bf43a2b2a787da9c910d900a43ce5cba55cf8262",
    "/coviddashboard/assets/flags/mk.svg": "1efdb9a1577955b967c16bb90417a3799055b5de",
    "/coviddashboard/assets/flags/ml.svg": "0a075792bb440560b6f92b55c848c53b76036384",
    "/coviddashboard/assets/flags/mm.svg": "68b64ccf2c3228d8025f5591dde1f87b28efd9d3",
    "/coviddashboard/assets/flags/mn.svg": "15142f31ffe64584f63c0b8a892a0c757a391db3",
    "/coviddashboard/assets/flags/mo.svg": "e76d72a3d29dea807605df51614fafc0df4cd4ab",
    "/coviddashboard/assets/flags/mp.svg": "41c7833d64c22fedf57bfa25e723e85e02153bb0",
    "/coviddashboard/assets/flags/mq.svg": "206132db3f4d0c4479b5206c3c8838a9207c66b2",
    "/coviddashboard/assets/flags/mr.svg": "2496866253c9d5810949646aba5b8e4bbe7b43f2",
    "/coviddashboard/assets/flags/ms.svg": "5a98adbdc90cca3590f6fe96253b9fe791a4ab64",
    "/coviddashboard/assets/flags/mt.svg": "23d8fdc8bf260f21e77710cb77f8bd5b56e9738e",
    "/coviddashboard/assets/flags/mu.svg": "35aa74066cc1431e7bd87441f1c669400ad607bb",
    "/coviddashboard/assets/flags/mv.svg": "d16b4322cbb02fad6738554790cdf611015f3a78",
    "/coviddashboard/assets/flags/mw.svg": "7d272dfc6ea9e9683fff0b65bfc21bd6717cae74",
    "/coviddashboard/assets/flags/mx.svg": "19a8f5927ab44a1d19d9174d98aee1cee22578a5",
    "/coviddashboard/assets/flags/my.svg": "7eda496cfc05ed522a0f48939bd24ee500c33d34",
    "/coviddashboard/assets/flags/mz.svg": "83afac21c2948f3750a891fbe63dbb9f7b862c68",
    "/coviddashboard/assets/flags/na.svg": "431b34e4fd8ec5651db5528a16da645ec2b26d95",
    "/coviddashboard/assets/flags/nc.svg": "d67ae3e7e06cf6dfe709382a73295bcd3b01d495",
    "/coviddashboard/assets/flags/ne.svg": "cb6f0cdebd01d54d4b95c014638de6e2379a17ae",
    "/coviddashboard/assets/flags/nf.svg": "015db18d70db5d9748508d7039acb60cb3ad1860",
    "/coviddashboard/assets/flags/ng.svg": "5a2f737c0df2c03c2b58cf3fca4f868a294fae3c",
    "/coviddashboard/assets/flags/ni.svg": "b40bc960ab00bfd7fbb3a59665d7df5587c257d8",
    "/coviddashboard/assets/flags/nl.svg": "1a5ada5ec0c4536648f750198f82c289683d0b61",
    "/coviddashboard/assets/flags/no.svg": "2b772a740fc291126fa219376a62165ddd5534b3",
    "/coviddashboard/assets/flags/np.svg": "0e59c25a8ce28f0aac2d06b200232fd5b269cfff",
    "/coviddashboard/assets/flags/nr.svg": "a21f22ea271fbe4b20104d683eb78bc8fa3283b3",
    "/coviddashboard/assets/flags/nu.svg": "22f8744564d4912ac816ac5492e31aca76f17d55",
    "/coviddashboard/assets/flags/nz.svg": "2a3bac259e13bf348199a353d5f5f3eeb64a9589",
    "/coviddashboard/assets/flags/om.svg": "721fc268d8e1fd6fce5ceb558868029ac56a4088",
    "/coviddashboard/assets/flags/pa.svg": "5e88e06d4423b9cfc0d80713a6934caa45d6173c",
    "/coviddashboard/assets/flags/pe.svg": "527a3d916f612e2512c62a8fc4d75d9210f01060",
    "/coviddashboard/assets/flags/pf.svg": "45747e1758ef910eb690f497a149df05311f9089",
    "/coviddashboard/assets/flags/pg.svg": "0812051008256c3712716f0577a263d6cfb21319",
    "/coviddashboard/assets/flags/ph.svg": "e0e7f86c9e4de184f0c0427fafed9e9e85711717",
    "/coviddashboard/assets/flags/pk.svg": "48746359fbb95b8599176d41f14265f8e042619a",
    "/coviddashboard/assets/flags/pl.svg": "9f8bad0997267ed7eebe77bb8d67e49464ec54cb",
    "/coviddashboard/assets/flags/pm.svg": "7477530a468e2b0763dd57f056d115d024614376",
    "/coviddashboard/assets/flags/pn.svg": "cdf25d303c83262044828a356c8f405407be1fc3",
    "/coviddashboard/assets/flags/pr.svg": "976afbf34abeff433d779cc4643951afa01eae86",
    "/coviddashboard/assets/flags/ps.svg": "be38b4b6ee63c30f81a33e230a297daf52bdfd6c",
    "/coviddashboard/assets/flags/pt.svg": "25541ac13488ca17a46c878d159e072ab3fe0860",
    "/coviddashboard/assets/flags/pw.svg": "8858285916bcebd6a5194c9f5841e784bc3146cb",
    "/coviddashboard/assets/flags/py.svg": "b588f71df748010a83174bd430cbf63f120b18be",
    "/coviddashboard/assets/flags/qa.svg": "0cade9ac555ba35936bfec32f0a510dd3e3ec34c",
    "/coviddashboard/assets/flags/re.svg": "7477530a468e2b0763dd57f056d115d024614376",
    "/coviddashboard/assets/flags/ro.svg": "3c713812f41c36c498dbf0c20a840ff71535cefc",
    "/coviddashboard/assets/flags/rs.svg": "5eb72d0012025b62ebca29bc8b42a2fc31689c14",
    "/coviddashboard/assets/flags/ru.svg": "5142bf0486121cfe3ce217f9e67c9678142cf5d6",
    "/coviddashboard/assets/flags/rw.svg": "524e41f7cb279bb4bd9af1880387f3b046647448",
    "/coviddashboard/assets/flags/sa.svg": "5ee701d3654467dc77716a505c93fdbf625e500e",
    "/coviddashboard/assets/flags/sb.svg": "1d0392f55e7669e4c0e755a469f8894b1a895edc",
    "/coviddashboard/assets/flags/sc.svg": "d4a41086ba8d97ea721be8007f8dbcb5b6a82af7",
    "/coviddashboard/assets/flags/sd.svg": "2c02e7478a2c8b36c4408cf87802dbb251ecae7b",
    "/coviddashboard/assets/flags/se.svg": "8e99c233e8f9e3c45da1089f574336d2688753ba",
    "/coviddashboard/assets/flags/sg.svg": "231eb6ed189599d49b568d70b7fefcaf47b1eca3",
    "/coviddashboard/assets/flags/sh.svg": "43b01d8beabccc7044690f43c2e4148e81cb2aa1",
    "/coviddashboard/assets/flags/si.svg": "55c7b19c45b5cb05ccd13d676f7e9ea1a6f8cb04",
    "/coviddashboard/assets/flags/sj.svg": "2b772a740fc291126fa219376a62165ddd5534b3",
    "/coviddashboard/assets/flags/sk.svg": "5d2bae50a0fd351d9d764a44e5a8943d571689e1",
    "/coviddashboard/assets/flags/sl.svg": "665ea2204d27a1a3b1ff7815905324c0f650a279",
    "/coviddashboard/assets/flags/sm.svg": "93ba77caa6ff5f8d6ee965f601bfcf3e01e9de5a",
    "/coviddashboard/assets/flags/sn.svg": "d692fe784d1e36a6dec7b4c37119296f5024a2fa",
    "/coviddashboard/assets/flags/so.svg": "b94d01daeb3d072e7d992b0431c241ebae612e18",
    "/coviddashboard/assets/flags/sr.svg": "407cc8c32426db8246c3303ddc38fe5e02ff1a19",
    "/coviddashboard/assets/flags/ss.svg": "2de66bb18981f724fa8a78aa89d92978210745f3",
    "/coviddashboard/assets/flags/st.svg": "3b5fd19501015a110ff29a6a7a44b183f67dcd3e",
    "/coviddashboard/assets/flags/sv.svg": "2399689786ea2f0e0b9b3f03ef5c168a980b4c60",
    "/coviddashboard/assets/flags/sx.svg": "012053338d8a9330bf183f2a1cbbcd74fb47a59c",
    "/coviddashboard/assets/flags/sy.svg": "1dbe2de42720e1bb9752a5403daa7689eb5d77e1",
    "/coviddashboard/assets/flags/sz.svg": "03dbbbd7999a23be966f6781a38dc869a4091160",
    "/coviddashboard/assets/flags/tc.svg": "b963a0869e49ffb0da556fd5369c32f7fec2354a",
    "/coviddashboard/assets/flags/td.svg": "a138189178b04aaead92049f8bd9b9e7c5e70ab3",
    "/coviddashboard/assets/flags/tf.svg": "0b311efdd3f81acde684908da52a0daff40f2320",
    "/coviddashboard/assets/flags/tg.svg": "cad8219003eb20f6cca79a43d8e016e1050f6b78",
    "/coviddashboard/assets/flags/th.svg": "420804d301d7403143d4439446768367e435453f",
    "/coviddashboard/assets/flags/tj.svg": "ecb786bf756f9b12fcaf100b2dc5903ada75e351",
    "/coviddashboard/assets/flags/tk.svg": "aa4b2e0239d5ccb6026eb1a47d50d4d7b0b69b5d",
    "/coviddashboard/assets/flags/tl.svg": "271a76783896f129964adf02de848075e605f260",
    "/coviddashboard/assets/flags/tm.svg": "35efeb1fadf2de77cb6c3d68af42d46466ecb032",
    "/coviddashboard/assets/flags/tn.svg": "09b96aeebb3aecd58181b04fc4a50d0c93563951",
    "/coviddashboard/assets/flags/to.svg": "af9d845a44c276f175ff6fa6f90f229bb3903eda",
    "/coviddashboard/assets/flags/tr.svg": "1d74c230c1236de0509cb7dafe835cf361ce1d0d",
    "/coviddashboard/assets/flags/tt.svg": "f71262501d7b8c570c528c5da496f2a77605f616",
    "/coviddashboard/assets/flags/tv.svg": "eae175bedd7d5a736d57102a3ae5e97071626b34",
    "/coviddashboard/assets/flags/tw.svg": "92520eea0727b8e1187cff42f583fdcb988e564d",
    "/coviddashboard/assets/flags/tz.svg": "f559e4a112c4b2cce795cc5758928be27ba64494",
    "/coviddashboard/assets/flags/ua.svg": "6ed8fa76c35eb798371fc287145f422c778c83f9",
    "/coviddashboard/assets/flags/ug.svg": "326b116e8282e46d3f99ee65a221941fe2c5b303",
    "/coviddashboard/assets/flags/um.svg": "e1106b3179c54a8e6cd4fd285fd96f9269093c83",
    "/coviddashboard/assets/flags/unknown.svg": "8d2f003596f8a2cdcc8595e3126a0e1f9d8e91bf",
    "/coviddashboard/assets/flags/us.svg": "e1106b3179c54a8e6cd4fd285fd96f9269093c83",
    "/coviddashboard/assets/flags/uy.svg": "d72112c818d869acc78cdd5928389ea046b95d1e",
    "/coviddashboard/assets/flags/uz.svg": "552c12139fe95b7f4991a3011d2ba71bdc26c811",
    "/coviddashboard/assets/flags/va.svg": "21061ac01ba3c43255c61fc6e6bc5e0e14d28d59",
    "/coviddashboard/assets/flags/vc.svg": "75a37946c31c7c8c19ec8a526d89fee9aae38693",
    "/coviddashboard/assets/flags/ve.svg": "949e0acce0aef8bd639e63bc6584922cea143a6d",
    "/coviddashboard/assets/flags/vg.svg": "57e88fd714b4bcf3b305fae81deef7e5611bcde9",
    "/coviddashboard/assets/flags/vi.svg": "ebf2c11407147bbdbab02d2d7471e77c11828fbe",
    "/coviddashboard/assets/flags/vn.svg": "af0046e653c5d16d3016313e80ec4d7bbd92cc71",
    "/coviddashboard/assets/flags/vu.svg": "7cbc4a336f8047970685b0c3e9149256851cfb40",
    "/coviddashboard/assets/flags/wf.svg": "0211fc5b8f4ac501c423dbe2c131d812aa32a2a0",
    "/coviddashboard/assets/flags/ws.svg": "c60ae533d7a4715325f5a57f976f79164dfbc4e1",
    "/coviddashboard/assets/flags/xk.svg": "4574b5f4338a7b9365c2336bce45a2c8967416be",
    "/coviddashboard/assets/flags/ye.svg": "cc5e426791483cabc0d8a3ced560e42e0104de10",
    "/coviddashboard/assets/flags/yt.svg": "7477530a468e2b0763dd57f056d115d024614376",
    "/coviddashboard/assets/flags/za.svg": "df5ee818ce46e3b63af4adfde15321649a21c42c",
    "/coviddashboard/assets/flags/zm.svg": "f1f1cfa1cd6f6bf422f02c0e32b99f53a038c5b5",
    "/coviddashboard/assets/flags/zw.svg": "f2b5263b2ba0334975a778650127028d1a0b485d",
    "/coviddashboard/assets/fonts/fa-brands-400.eot": "077fb9ea340316075962ba08e4fdc96eb2e4df07",
    "/coviddashboard/assets/fonts/fa-brands-400.svg": "8ac05d4e89d23d47341c25b8a0c00b87d2fd99f9",
    "/coviddashboard/assets/fonts/fa-brands-400.ttf": "69b73df3c8992a93859246065a267a05bfd8cf56",
    "/coviddashboard/assets/fonts/fa-brands-400.woff": "ead05c8f530e600a8e27cab0ff7065d7a41b7b0f",
    "/coviddashboard/assets/fonts/fa-brands-400.woff2": "f988b2efe9434b0af28943708d33dd3afad9a5ba",
    "/coviddashboard/assets/fonts/fa-regular-400.eot": "43350c3fa2db974faa8c275c1a1d35e5973ddf98",
    "/coviddashboard/assets/fonts/fa-regular-400.svg": "1ac22aafa3448b8f91c7f2a43cb8ee190213a685",
    "/coviddashboard/assets/fonts/fa-regular-400.ttf": "9706453c3ea9b73e7c08b3be1e7c716d655cf916",
    "/coviddashboard/assets/fonts/fa-regular-400.woff": "52442e07d8cfc65daeefb08d3d7f64b8331b57e0",
    "/coviddashboard/assets/fonts/fa-regular-400.woff2": "fbb0d9d51850d824d7eba66e0e210c778d6d42f5",
    "/coviddashboard/assets/fonts/fa-solid-900.eot": "6275300c533b525bd590a7e8190ee00c67928313",
    "/coviddashboard/assets/fonts/fa-solid-900.svg": "5633fca7c8ec87b10fa9d6e7ae66c464a5ba19bf",
    "/coviddashboard/assets/fonts/fa-solid-900.ttf": "3f760416638f6459ade7251b80fd7bc27d6ad1c6",
    "/coviddashboard/assets/fonts/fa-solid-900.woff": "594f1d426bbb705028696be1686176508b04793c",
    "/coviddashboard/assets/fonts/fa-solid-900.woff2": "80644191098f863f25be27841c0d92c452cf2327",
    "/coviddashboard/assets/fonts/materialdesignicons-webfont.eot": "f4ac13a1db2e75cc443950454205493237da7694",
    "/coviddashboard/assets/fonts/materialdesignicons-webfont.svg": "0dae000399d6be447c605e869f553921e5cd8bd5",
    "/coviddashboard/assets/fonts/materialdesignicons-webfont.ttf": "f43fdf96cad017650fec26420797147ebcd4ca67",
    "/coviddashboard/assets/fonts/materialdesignicons-webfont.woff": "8e3046c3377ca08873bca7f2ca6e7d13003acf9c",
    "/coviddashboard/assets/fonts/materialdesignicons-webfont.woff2": "a611f43c63d8a380791f49ab4af729d63cfce28a",
    "/coviddashboard/assets/fonts/summernote.eot": "51ae0f115d53af97c07cd8568e5a6a949b31e9cf",
    "/coviddashboard/assets/fonts/summernote.ttf": "ac1208a1b2b7fdf02e95fc41a95cc03c8632f481",
    "/coviddashboard/assets/fonts/summernote.woff": "db14a5b479332023d45af15a5fe9f433bbc6290f",
    "/coviddashboard/assets/i18n/de.json": "a6348dba02b0240ff54a697e8d6657b1f6ed7f71",
    "/coviddashboard/assets/i18n/en.json": "0e3816cf6a6cb9f81126b057a8966192e9b690e2",
    "/coviddashboard/assets/i18n/es.json": "4471ba56ff6f99b1d875ac6ee7ba4503531003ba",
    "/coviddashboard/assets/i18n/fr.json": "4af5aae9092775325ce201f8054b175ec5e1146e",
    "/coviddashboard/assets/i18n/tr.json": "a29eb50bd6be8a3c0e45e2d661aacbbef234150d",
    "/coviddashboard/assets/icons/icon-128x128.png": "330bc6c83b7c2a9f43c2f2c16c18e8476a34d941",
    "/coviddashboard/assets/icons/icon-144x144.png": "86388db9e1aca2f491e2648836a3d6edd520ec7a",
    "/coviddashboard/assets/icons/icon-152x152.png": "8ee27f96e55c2cac74a738e202fc59b17f8ea7c8",
    "/coviddashboard/assets/icons/icon-192x192.png": "377d0b6374fbb948cf731d48e3d4007dbf8cbbab",
    "/coviddashboard/assets/icons/icon-384x384.png": "a6d5d90f9363aa69891d0a0a5ed66aa6b923cb61",
    "/coviddashboard/assets/icons/icon-512x512.png": "68181a5b012df2ec233e0da9f6e969fdfb91a0a2",
    "/coviddashboard/assets/icons/icon-72x72.png": "58a9ca82e91b1d6747ef5194df1cf132ec48da88",
    "/coviddashboard/assets/icons/icon-96x96.png": "b8acc4df88fdda4b749634218303c34cd164ca34",
    "/coviddashboard/assets/images/404.png": "21753f6cbc8b3f1c205c5bf0472aa8aebabf6e7b",
    "/coviddashboard/assets/images/Layer x0020 1.png": "38de5f3a1e88a445eb4f6d6784e13c01840d61fe",
    "/coviddashboard/assets/images/favicon.ico": "7f9a5418c0a7ee4c9f475ac32d1042828ec309be",
    "/coviddashboard/assets/images/logo-light.png": "4f913a5a44b64e925c1ab87040bb0456cea15ac1",
    "/coviddashboard/assets/images/logo-sm.png": "3df4b0735e29a3e22f4c4cb787064bdae687d4a4",
    "/coviddashboard/assets/images/preview.png": "f4be6ef4bc6cdf85a7e50afded1b14b5df040ab1",
    "/coviddashboard/assets/images/step-1.png": "4780fb221590d005d74c307112ab6c448643eb46",
    "/coviddashboard/assets/images/step-2.png": "f393bb4ceb9b6e42a3a183e5c9f4902fe0776b84",
    "/coviddashboard/assets/images/step-3.png": "c1172e8185f1474c2eff470db60a9072af516db5",
    "/coviddashboard/assets/images/step-4.png": "9dcda9104448626bf21b59033f737327c2b02613",
    "/coviddashboard/assets/images/step-5.png": "fce6df390d0b0a36c88972e7b71f2fc2917fea57",
    "/coviddashboard/assets/screenshots/sc1.png": "21f1f158468b9c01a9195a85d69ee44195d4dc22",
    "/coviddashboard/assets/screenshots/sc2.png": "6c375f09c0d2f35812c6dc7c6a881489d0f3c2da",
    "/coviddashboard/assets/screenshots/sc3.png": "3e75b000246895f0b835fac6f7516f8115f7d1d0",
    "/coviddashboard/assets/screenshots/sc4.png": "baeae8e5ea1a9af4d1147e86a8441c0329501cb3",
    "/coviddashboard/assets/scss/_variables.scss": "a572d22c432760a3e26789c3118f72f431585d74",
    "/coviddashboard/assets/scss/app.scss": "f017a11fcb9d25973001986a92a39fcbe86b5f53",
    "/coviddashboard/assets/scss/bootstrap.scss": "f02bfa8176c022109867f50a5da15fc3b013e482",
    "/coviddashboard/assets/scss/custom/components/_accordions.scss": "8c959ca8d9c6ca6fccdc8f203429253938ff0e2c",
    "/coviddashboard/assets/scss/custom/components/_backgrounds.scss": "b68e1f94dffa823aa6bc94a4ca802f988678b9f4",
    "/coviddashboard/assets/scss/custom/components/_badge.scss": "836fc3eafa870efe748b7722905eb409465b6a20",
    "/coviddashboard/assets/scss/custom/components/_breadcrumb.scss": "8456905e44887bdccee55b98c362544ff9ebfbf2",
    "/coviddashboard/assets/scss/custom/components/_buttons.scss": "128d42a18c622d0a4da955a189931a4304f671b5",
    "/coviddashboard/assets/scss/custom/components/_card.scss": "e91e8b2f817aec1ca9ffde95d8c10f196336db9e",
    "/coviddashboard/assets/scss/custom/components/_custom-checkbox.scss": "5832e572ce7764701745e881a5bc93ad692c2a23",
    "/coviddashboard/assets/scss/custom/components/_custom-radio.scss": "3f161c2ccfb1bc073a21d9032b33328222458c98",
    "/coviddashboard/assets/scss/custom/components/_dropdown.scss": "694f82b2532c890b553b2af5872844cdf46d85cf",
    "/coviddashboard/assets/scss/custom/components/_forms.scss": "b5decd0329ac8354fbb9565b290b0b2ea5ab5ec2",
    "/coviddashboard/assets/scss/custom/components/_helper.scss": "0b9b9ba89023b2a88b1769157e65305d9a82da7b",
    "/coviddashboard/assets/scss/custom/components/_modal.scss": "e56ad6fb3ea43ccfb78b2cd0655a5d9a550470bc",
    "/coviddashboard/assets/scss/custom/components/_nav.scss": "ea59129bda3455d559e4fa0458a2e96e8f248f9c",
    "/coviddashboard/assets/scss/custom/components/_popover.scss": "f400962bd615d733235cebf601636e928b387e72",
    "/coviddashboard/assets/scss/custom/components/_preloader.scss": "e8b3d9552c995c99ed05fea587194416c2c2ae6c",
    "/coviddashboard/assets/scss/custom/components/_print.scss": "6ab0f2362eb8612b78e873ac17e1e984703976ba",
    "/coviddashboard/assets/scss/custom/components/_progress.scss": "290997462c7234ae407b4ec41065c1e4f5570221",
    "/coviddashboard/assets/scss/custom/components/_reboot.scss": "07b4c0a002856bda8d1beeea34f729ee64df48b0",
    "/coviddashboard/assets/scss/custom/components/_ribbons.scss": "027c96b2419b5a8f1875414548bc6ba7b6634118",
    "/coviddashboard/assets/scss/custom/components/_social.scss": "e74ac9dd9512ca7d7948de7103dd7b086445902e",
    "/coviddashboard/assets/scss/custom/components/_tables.scss": "d88abacf511c1e9c043ca868d473cb51a887ba6a",
    "/coviddashboard/assets/scss/custom/components/_type.scss": "ae0702a049068a22595cacb7f32b37058f5c3d2a",
    "/coviddashboard/assets/scss/custom/components/_widgets.scss": "9b88e282aa0020e1cd86415eebc918221b98286d",
    "/coviddashboard/assets/scss/custom/fonts/_fonts.scss": "5a9ca362d8208257b1a0824ffed7605aff67ce75",
    "/coviddashboard/assets/scss/custom/plugins/_icons.scss": "0c532d64fbda243b33cb887742b4cd22e88aecc8",
    "/coviddashboard/assets/scss/custom/plugins/_waves.scss": "35668aeee3dad169679eafc06f72b8d2a0504bc3",
    "/coviddashboard/assets/scss/custom/plugins/icons/_fontawesome-all.scss": "e78b3df6de28cea774da6b330ada60c4b161fd70",
    "/coviddashboard/assets/scss/custom/plugins/icons/_materialdesignicons.scss": "06f12a8454d39b9dd1f2fc74ef2ef94007cfc60d",
    "/coviddashboard/assets/scss/custom/structure/_footer.scss": "2983dec82accf57e8a5b99e17868ddaa416ff0d0",
    "/coviddashboard/assets/scss/custom/structure/_general.scss": "b9cc96b7a9560b3bb5929845c3040b5b3fd0902b",
    "/coviddashboard/assets/scss/custom/structure/_horizontal-nav.scss": "cdea6f1ba1a60d6b7134f194a23b919ff15ca4a4",
    "/coviddashboard/assets/scss/custom/structure/_topbar.scss": "615d751a64eed13f48ca3bd7b7e9655607b66115",
    "/coviddashboard/assets/scss/icons.scss": "3d46727804310234884ca9d1b3d1c3ae4a5a29d2",
    "/coviddashboard/canvg-es2015.cca86741a519411c54df.js": "41a0ca2c5e8e03f53bc2dd0e6ed9f4b1ee706368",
    "/coviddashboard/canvg-es5.cca86741a519411c54df.js": "b911a9bbb7a65f9237c7edd8c5c9c83c9aafe9c1",
    "/coviddashboard/fa-brands-400.4b115e1153a9ea339d6a.woff2": "f988b2efe9434b0af28943708d33dd3afad9a5ba",
    "/coviddashboard/fa-brands-400.650c3a83e51f01868115.svg": "8ac05d4e89d23d47341c25b8a0c00b87d2fd99f9",
    "/coviddashboard/fa-brands-400.b90365bccdabd68c6c03.woff": "ead05c8f530e600a8e27cab0ff7065d7a41b7b0f",
    "/coviddashboard/fa-brands-400.c39278f7abfc798a2415.ttf": "69b73df3c8992a93859246065a267a05bfd8cf56",
    "/coviddashboard/fa-brands-400.d9d17590c975aad1be0d.eot": "077fb9ea340316075962ba08e4fdc96eb2e4df07",
    "/coviddashboard/fa-regular-400.1f65fad32ac9d1bc04ac.svg": "1ac22aafa3448b8f91c7f2a43cb8ee190213a685",
    "/coviddashboard/fa-regular-400.414ff5daad323a1c47c5.eot": "43350c3fa2db974faa8c275c1a1d35e5973ddf98",
    "/coviddashboard/fa-regular-400.5dd3976cb5d61e2e561f.woff": "52442e07d8cfc65daeefb08d3d7f64b8331b57e0",
    "/coviddashboard/fa-regular-400.65779ebcc35604a25c2b.woff2": "fbb0d9d51850d824d7eba66e0e210c778d6d42f5",
    "/coviddashboard/fa-regular-400.f6c6f6c8cb7784254ad0.ttf": "9706453c3ea9b73e7c08b3be1e7c716d655cf916",
    "/coviddashboard/fa-solid-900.462806316fea535a6a57.woff2": "80644191098f863f25be27841c0d92c452cf2327",
    "/coviddashboard/fa-solid-900.61969d433bf265b9717a.woff": "594f1d426bbb705028696be1686176508b04793c",
    "/coviddashboard/fa-solid-900.b5596f4d339f99e3d69b.eot": "6275300c533b525bd590a7e8190ee00c67928313",
    "/coviddashboard/fa-solid-900.b70cea0339374107969e.ttf": "3f760416638f6459ade7251b80fd7bc27d6ad1c6",
    "/coviddashboard/fa-solid-900.b9bd91a94665aa8013d6.svg": "5633fca7c8ec87b10fa9d6e7ae66c464a5ba19bf",
    "/coviddashboard/index.html": "7ae4b500731d1f605339312024656c0b84629f70",
    "/coviddashboard/main-es2015.55b909221602b0398530.js": "99cc889ad6d24dcfa7a7abfd0afba110d78b0881",
    "/coviddashboard/main-es5.55b909221602b0398530.js": "dbff9dfc90b463764ffef35ce58eab9800819baa",
    "/coviddashboard/manifest.webmanifest": "2ef48b1ffac7da826be2ec744cb96b8692b98b3c",
    "/coviddashboard/materialdesignicons-webfont.02a3863dd9755dc4990d.svg": "0dae000399d6be447c605e869f553921e5cd8bd5",
    "/coviddashboard/materialdesignicons-webfont.1993c4a16cce5446a5cf.eot": "f4ac13a1db2e75cc443950454205493237da7694",
    "/coviddashboard/materialdesignicons-webfont.26333b3884782fdb5f8c.woff": "8e3046c3377ca08873bca7f2ca6e7d13003acf9c",
    "/coviddashboard/materialdesignicons-webfont.af3f6dbe172a9c1aba77.woff2": "a611f43c63d8a380791f49ab4af729d63cfce28a",
    "/coviddashboard/materialdesignicons-webfont.baded94134f273450a47.ttf": "f43fdf96cad017650fec26420797147ebcd4ca67",
    "/coviddashboard/pdfmake-es2015.77b4669b4720205fecfa.js": "4f9ddb5a702c25ab9e0df0e4a6d15fb10a2f1683",
    "/coviddashboard/pdfmake-es5.77b4669b4720205fecfa.js": "2d86e4fe28b41e82f619a183648b60a8deba0f7e",
    "/coviddashboard/polyfills-es2015.df298c6178f253d8b1f6.js": "08f9e16da2c49a109fd339915883019625595828",
    "/coviddashboard/polyfills-es5.3b086f6b57ed956ec1ac.js": "326a0d41fd1ce12b57c3a89f39cdb80a6196a6dc",
    "/coviddashboard/runtime-es2015.c6693431f89fc3f624ae.js": "dc5bf23d20630c2e2a23324fb84bf967d8bd2e3c",
    "/coviddashboard/runtime-es5.c6693431f89fc3f624ae.js": "812632e24eb4b5a6f15221453b4ea1eeb32b9b27",
    "/coviddashboard/styles.802c87383e46a781db12.css": "30bd300bc6e4a2596bb8a3b83cd40fa89e36cc02",
    "/coviddashboard/xlsx-es2015.f6f869cbd0b7b4ea2c23.js": "e588e9bf4640059bd1694a35f2c9c7cc7c8c9cda",
    "/coviddashboard/xlsx-es5.f6f869cbd0b7b4ea2c23.js": "d488b50fb122b8aaba74a08823b53598d746e23b"
  },
  "navigationUrls": [
    {
      "positive": true,
      "regex": "^\\/.*$"
    },
    {
      "positive": false,
      "regex": "^\\/(?:.+\\/)?[^/]*\\.[^/]*$"
    },
    {
      "positive": false,
      "regex": "^\\/(?:.+\\/)?[^/]*__[^/]*$"
    },
    {
      "positive": false,
      "regex": "^\\/(?:.+\\/)?[^/]*__[^/]*\\/.*$"
    }
  ]
}